COMPANY ID,  MAIN TYPE  ,SUB TYPE, SHORT NAME ,DATE,PRICE HIGH,PRICE LOW,CLOSE PRICE,OPEN PRICE,TRADE VOLUME,SHARE VOLUME,TURNOVER
JKH,N,0,JKH,03-Jan-22,153.25,149,152.75,149,321,"799,594","121,924,661.25"
JKH,N,0,JKH,04-Jan-22,153.25,149,149.5,152,177,"317,312","47,828,319.50"
JKH,N,0,JKH,05-Jan-22,151.75,147,150.75,147,232,"1,557,752","234,256,848.25"
JKH,N,0,JKH,06-Jan-22,152,148.5,151,150,189,"318,537","47,954,694.75"
JKH,N,0,JKH,07-Jan-22,158.25,150,155.5,152,627,"3,343,693","512,681,468.50"
JKH,N,0,JKH,10-Jan-22,159,154,157,157.5,359,"431,534","67,665,138.50"
JKH,N,0,JKH,11-Jan-22,160.75,152.5,157.5,154,237,"507,646","79,308,624.00"
JKH,N,0,JKH,12-Jan-22,157.5,156,157,157,166,"123,969","19,435,506.00"
JKH,N,0,JKH,13-Jan-22,166.75,155,163.25,156.5,679,"1,280,271","206,328,259.50"
JKH,N,0,JKH,18-Jan-22,167.5,162,163.75,166.25,444,"501,578","82,889,673.25"
JKH,N,0,JKH,19-Jan-22,164,160,162.75,164,239,"194,600","31,654,117.75"
JKH,N,0,JKH,20-Jan-22,163.25,161.5,162,163,161,"171,773","27,894,084.25"
JKH,N,0,JKH,21-Jan-22,162,159,161,162,295,"1,209,974","193,742,443.00"
JKH,N,0,JKH,24-Jan-22,163.75,161,162,161,359,"80,657,771","12,986,725,898.00"
JKH,N,0,JKH,25-Jan-22,163,160,160.5,162,245,"192,701","30,993,507.00"
JKH,N,0,JKH,26-Jan-22,161,159,160.25,160.25,214,"302,664","48,562,316.00"
JKH,N,0,JKH,27-Jan-22,164.75,159.5,160.75,161.5,436,"552,876","89,257,535.25"
JKH,N,0,JKH,28-Jan-22,162,157.5,159.5,161,314,"489,165","78,233,389.25"
JKH,N,0,JKH,31-Jan-22,161,158,160.25,160,224,"844,757","135,391,819.25"
JKH,N,0,JKH,01-Feb-22,161,159,160,160.5,170,"215,594","34,489,451.75"
JKH,N,0,JKH,02-Feb-22,160,157.5,158.25,160,174,"244,918","38,941,814.75"
JKH,N,0,JKH,03-Feb-22,159,155,158,158,174,"288,348","45,476,078.50"
JKH,N,0,JKH,07-Feb-22,159.75,156,157,158,206,"2,605,196","408,972,005.00"
JKH,N,0,JKH,08-Feb-22,157.25,155,157,157,307,"1,216,025","189,106,022.50"
JKH,N,0,JKH,09-Feb-22,157.75,153.5,155.25,157,138,"500,306","77,948,582.00"
JKH,N,0,JKH,10-Feb-22,157.25,152,156.5,157,242,"654,586","101,492,798.75"
JKH,N,0,JKH,11-Feb-22,157,153.25,157,155,100,"245,517","38,500,329.50"
JKH,N,0,JKH,14-Feb-22,157,155.25,156.5,157,90,"126,781","19,771,361.25"
JKH,N,0,JKH,15-Feb-22,161.75,155.5,159.5,157.5,189,"422,071","66,514,786.25"
JKH,N,0,JKH,17-Feb-22,159.5,155.25,157.75,159.5,74,"93,747","14,750,291.00"
JKH,N,0,JKH,18-Feb-22,157.75,155,155.25,157.75,91,"169,653","26,469,209.75"
JKH,N,0,JKH,21-Feb-22,156,149,150,155,221,"466,644","70,778,525.50"
JKH,N,0,JKH,22-Feb-22,153,148,150,149.5,157,"227,525","34,119,578.50"
JKH,N,0,JKH,23-Feb-22,150,144,149.25,149,321,"415,865","61,180,858.25"
JKH,N,0,JKH,24-Feb-22,149,144,145,149,362,"260,532","37,916,292.25"
JKH,N,0,JKH,25-Feb-22,148,143,147,145,236,"326,722","47,607,066.00"
JKH,N,0,JKH,28-Feb-22,149.5,146.75,149,148,195,"354,020","52,673,897.25"
JKH,N,0,JKH,02-Mar-22,149.5,147,148,149,126,"140,264","20,782,326.25"
JKH,N,0,JKH,03-Mar-22,148,145,146,148,161,"153,793","22,598,813.25"
JKH,N,0,JKH,04-Mar-22,146.5,145,145.75,146,256,"1,726,127","249,827,603.75"
JKH,N,0,JKH,07-Mar-22,146.75,144,144.5,146,160,"1,281,852","185,472,029.25"
JKH,N,0,JKH,08-Mar-22,146,142.5,143,145.5,268,"396,719","57,123,751.00"
JKH,N,0,JKH,09-Mar-22,143,141,141.25,143,263,"712,383","100,658,973.00"
JKH,N,0,JKH,10-Mar-22,150.75,140.25,149.5,141.25,180,"150,596","22,117,715.00"
JKH,N,0,JKH,11-Mar-22,151,149,149.25,150,252,"389,954","58,349,526.25"
JKH,N,0,JKH,14-Mar-22,151,145,148.25,151,84,"75,569","11,213,552.00"
JKH,N,0,JKH,15-Mar-22,148,145,146,146.5,61,"33,153","4,822,302.00"
JKH,N,0,JKH,16-Mar-22,152.75,145.25,151.75,145.25,300,"391,463","58,247,305.75"
JKH,N,0,JKH,18-Mar-22,158,151,156.5,151.75,285,"237,274","36,916,090.75"
JKH,N,0,JKH,21-Mar-22,157.5,153,157,156,319,"477,872","74,833,756.25"
JKH,N,0,JKH,22-Mar-22,157.5,155,156.75,157.5,80,"68,842","10,777,846.50"
JKH,N,0,JKH,23-Mar-22,158,155,157,157,241,"2,392,768","375,898,288.25"
JKH,N,0,JKH,24-Mar-22,158,156,156.75,157.5,99,"740,447","116,263,070.50"
JKH,N,0,JKH,25-Mar-22,158,156,157,157.5,178,"2,325,139","365,001,947.00"
JKH,N,0,JKH,28-Mar-22,158.5,154,155,158.5,160,"400,419","62,085,955.00"
JKH,N,0,JKH,29-Mar-22,156,150,152,154.75,154,"596,640","92,145,118.25"
JKH,N,0,JKH,30-Mar-22,152,142,150,152,221,"839,244","123,714,439.00"
JKH,N,0,JKH,31-Mar-22,146,143,145,145,110,"435,342","63,129,056.75"
JKH,N,0,JKH,01-Apr-22,170,123.75,149,144,87,"67,551","10,063,774.00"
JKH,N,0,JKH,04-Apr-22,150,135,142,145,114,"186,294","26,636,598.75"
JKH,N,0,JKH,05-Apr-22,150,142,147.25,142,84,"170,439","24,931,819.00"
JKH,N,0,JKH,06-Apr-22,149.5,144.5,145,149.5,79,"1,321,459","191,624,326.25"
JKH,N,0,JKH,07-Apr-22,145,141.5,142,145,54,"38,365","5,464,285.00"
JKH,N,0,JKH,08-Apr-22,141.75,139,140.25,141,129,"347,802","48,672,599.50"
JKH,N,0,JKH,25-Apr-22,135,117,130.25,135,92,"64,412","8,393,925.50"
JKH,N,0,JKH,26-Apr-22,120,117,118.25,117,74,"33,628","3,963,082.00"
JKH,N,0,JKH,27-Apr-22,129,116.25,122.25,116.25,227,"186,214","22,387,516.25"
JKH,N,0,JKH,28-Apr-22,122.25,118.75,119.75,122.25,315,"858,111","102,757,653.75"
JKH,N,0,JKH,29-Apr-22,135,121.75,123,122,134,"59,290","7,414,798.75"
JKH,N,0,JKH,04-May-22,125,121.75,123.75,124,73,"93,854","11,593,087.25"
JKH,N,0,JKH,05-May-22,129.75,123.5,129,123.5,82,"793,860","102,263,044.75"
JKH,N,0,JKH,06-May-22,128,124,124,128,66,"27,352","3,427,080.25"
JKH,N,0,JKH,09-May-22,125,120,124.75,120,95,"35,084","4,327,834.25"
JKH,N,0,JKH,12-May-22,125,123.5,125,125,166,"150,965","18,850,853.50"
JKH,N,0,JKH,13-May-22,140,127,127.5,129,154,"390,982","49,559,826.25"
JKH,N,0,JKH,17-May-22,138,131,133.25,138,67,"32,403","4,343,366.25"
JKH,N,0,JKH,18-May-22,138.5,134,135.25,134.75,125,"85,685","11,588,754.75"
JKH,N,0,JKH,19-May-22,135.5,133,133.5,135.5,74,"57,751","7,757,641.75"
JKH,N,0,JKH,20-May-22,136,132,132.25,135,56,"390,585","52,669,078.75"
JKH,N,0,JKH,23-May-22,135.5,132.5,132.75,135.5,145,"467,267","62,252,632.25"
JKH,N,0,JKH,24-May-22,138,132.75,133.25,138,130,"109,821","14,778,705.25"
JKH,N,0,JKH,25-May-22,133,130.25,130.75,133,116,"284,078","37,557,485.00"
JKH,N,0,JKH,26-May-22,130.75,128.25,129,130.75,89,"84,978","11,031,519.00"
JKH,N,0,JKH,27-May-22,129,125,125.5,129,227,"531,671","66,681,067.00"
JKH,N,0,JKH,30-May-22,128,124,124,126,192,"555,517","69,047,889.75"
JKH,N,0,JKH,31-May-22,125,123.75,124,124,89,"502,634","62,327,450.25"
JKH,N,0,JKH,01-Jun-22,125,122,123.5,125,97,"137,280","16,819,295.25"
JKH,N,0,JKH,02-Jun-22,129.75,124.75,126.75,125,29,"19,327","2,446,011.25"
JKH,N,0,JKH,03-Jun-22,127,124.75,125.25,126.25,53,"36,196","4,532,093.75"
JKH,N,0,JKH,06-Jun-22,126,123,123.75,126,90,"205,765","25,483,506.25"
JKH,N,0,JKH,07-Jun-22,127,122.5,123,123.5,87,"511,470","62,868,935.25"
JKH,N,0,JKH,08-Jun-22,126,124.75,125.25,125.5,41,"697,096","87,119,961.75"
JKH,N,0,JKH,09-Jun-22,126,125,125,125,28,"8,792","1,100,360.75"
JKH,N,0,JKH,10-Jun-22,126,124,124.75,126,102,"300,450","37,544,109.00"
JKH,N,0,JKH,13-Jun-22,126,124.5,125,125,57,"110,193","13,775,454.00"
JKH,N,0,JKH,15-Jun-22,125,123.5,124.25,125,55,"221,236","27,435,816.50"
JKH,N,0,JKH,16-Jun-22,125,123.75,124,125,116,"549,793","68,375,011.75"
JKH,N,0,JKH,17-Jun-22,124,121,121,124,122,"241,780","29,574,253.75"
JKH,N,0,JKH,20-Jun-22,121,120,120,121,105,"121,192","14,544,774.25"
JKH,N,0,JKH,21-Jun-22,124,120,120.5,120,111,"127,628","15,413,737.75"
JKH,N,0,JKH,22-Jun-22,125,121,123.75,121,54,"58,566","7,245,139.75"
JKH,N,0,JKH,23-Jun-22,125.5,121.25,122,121.25,55,"230,666","28,145,683.00"
JKH,N,0,JKH,24-Jun-22,125,121.5,122.25,121.5,82,"715,605","87,334,637.25"
JKH,N,0,JKH,27-Jun-22,123.75,122,122,123.75,66,"367,822","45,027,038.75"
JKH,N,0,JKH,28-Jun-22,123.5,122,123,122,23,"27,042","3,325,460.00"
JKH,N,0,JKH,29-Jun-22,123.5,122,122,122.25,43,"76,857","9,382,600.25"
JKH,N,0,JKH,30-Jun-22,122,121.75,122,122,46,"20,458","2,495,824.50"
JKH,N,0,JKH,01-Jul-22,124,121.75,122.25,122.5,70,"1,203,184","146,980,439.75"
JKH,N,0,JKH,04-Jul-22,125,120.25,121,125,116,"773,284","94,286,043.00"
JKH,N,0,JKH,05-Jul-22,123,120.25,121,122,73,"27,844","3,367,491.50"
JKH,N,0,JKH,06-Jul-22,124,120.25,123,120.25,91,"626,470","77,122,881.25"
JKH,N,0,JKH,07-Jul-22,123.75,121.75,122,123.75,79,"568,472","69,577,703.25"
JKH,N,0,JKH,08-Jul-22,123,121.5,122.25,121.5,35,"8,515","1,040,386.25"
JKH,N,0,JKH,11-Jul-22,123,121.75,123,122.25,64,"215,195","26,274,131.25"
JKH,N,0,JKH,12-Jul-22,124,123,123,123,22,"70,443","8,665,760.00"
JKH,N,0,JKH,14-Jul-22,123,121.75,122,123,67,"519,608","63,393,282.00"
JKH,N,0,JKH,15-Jul-22,123,121.5,122,123,171,"710,154","86,185,485.00"
JKH,N,0,JKH,18-Jul-22,124,120.5,122,123,150,"1,040,651","126,970,488.25"
JKH,N,0,JKH,19-Jul-22,123.75,122,122,123,144,"226,932","27,699,581.00"
JKH,N,0,JKH,20-Jul-22,123,120.5,121,123,214,"1,452,414","175,778,803.25"
JKH,N,0,JKH,21-Jul-22,122,120,120.25,122,244,"1,433,745","172,425,839.25"
JKH,N,0,JKH,22-Jul-22,122,120,120.25,122,160,"155,363","18,704,410.25"
JKH,N,0,JKH,25-Jul-22,121.25,118.75,119.5,121,194,"199,619","23,911,914.00"
JKH,N,0,JKH,26-Jul-22,121.25,119.75,119.75,121.25,73,"22,851","2,738,595.50"
JKH,N,0,JKH,27-Jul-22,121,120.5,120.5,121,50,"31,919","3,846,785.50"
JKH,N,0,JKH,28-Jul-22,122,120,120.25,122,200,"106,261","12,823,746.50"
JKH,N,0,JKH,29-Jul-22,122,120,120.5,121,142,"593,586","71,326,826.25"
JKH,N,0,JKH,01-Aug-22,122,119,119.75,122,222,"757,963","90,875,366.00"
JKH,N,0,JKH,02-Aug-22,121,119.25,119.5,120,251,"974,233","116,583,823.25"
JKH,N,0,JKH,03-Aug-22,120,119,119.25,120,384,"1,630,892","194,290,521.00"
JKH,N,0,JKH,04-Aug-22,121,119,120,119.5,338,"1,564,276","187,581,507.50"
JKH,N,0,JKH,05-Aug-22,121,118.75,119,120,459,"1,823,999","217,607,307.75"
JKH,N,0,JKH,08-Aug-22,119.25,118.5,119,119,266,"1,672,870","199,064,619.50"
JKH,N,0,JKH,09-Aug-22,121.75,119,119.25,120,322,"2,118,429","252,869,797.75"
JKH,N,0,JKH,10-Aug-22,124,119.5,122,119.5,341,"1,907,311","231,144,446.50"
JKH,N,0,JKH,12-Aug-22,128.25,124,126.5,125,484,"2,846,466","358,007,659.25"
JKH,N,0,JKH,15-Aug-22,133,128,129.75,128,385,"783,503","101,851,948.25"
JKH,N,0,JKH,16-Aug-22,131,129.5,130,129.75,217,"825,743","107,294,688.00"
JKH,N,0,JKH,17-Aug-22,130,127.5,128,130,127,"597,305","76,500,215.50"
JKH,N,0,JKH,18-Aug-22,128.5,127.25,127.75,128,121,"730,011","93,160,350.25"
JKH,N,0,JKH,19-Aug-22,128.75,127.5,127.75,128.5,137,"864,624","110,661,632.25"
JKH,N,0,JKH,22-Aug-22,128,126.25,127,128,221,"391,206","49,731,826.00"
JKH,N,0,JKH,23-Aug-22,127,124.75,125,127,434,"12,274,306","1,534,503,935.50"
JKH,N,0,JKH,24-Aug-22,125,123.5,124.75,125,120,"1,320,453","164,702,473.75"
JKH,N,0,JKH,25-Aug-22,125,122.5,123,125,166,"110,433","13,585,530.25"
JKH,N,0,JKH,26-Aug-22,127.5,121,124,123,118,"571,741","69,802,527.50"
JKH,N,0,JKH,29-Aug-22,126,122.75,123,126,81,"128,698","15,839,606.25"
JKH,N,0,JKH,30-Aug-22,126.5,122.5,125.75,124.25,106,"165,880","20,768,627.75"
JKH,N,0,JKH,31-Aug-22,130,125.5,127.75,126.5,122,"332,890","42,379,320.75"
JKH,N,0,JKH,01-Sep-22,129.75,128,128.25,129.75,169,"450,451","58,047,939.50"
JKH,N,0,JKH,02-Sep-22,129.75,128,128.25,129.5,96,"227,779","29,214,857.50"
JKH,N,0,JKH,05-Sep-22,129,125,127,129,79,"32,031","4,040,518.50"
JKH,N,0,JKH,06-Sep-22,127,124.25,125,127,147,"146,851","18,366,439.50"
JKH,N,0,JKH,07-Sep-22,126.75,124.5,124.75,124.5,47,"44,176","5,517,040.50"
JKH,N,0,JKH,08-Sep-22,127,124.5,125,124.75,226,"1,794,189","224,628,432.50"
JKH,N,0,JKH,09-Sep-22,132,127,130.5,127,516,"3,073,035","397,633,646.75"
JKH,N,0,JKH,12-Sep-22,135,132,132.5,132.5,297,"1,090,567","144,444,548.75"
JKH,N,0,JKH,13-Sep-22,134.5,132.5,133,134.5,245,"418,829","55,719,155.00"
JKH,N,0,JKH,14-Sep-22,143,133,139,133,497,"1,218,914","168,078,454.25"
JKH,N,0,JKH,15-Sep-22,157,149.5,151,151,"1,750","3,939,617","598,317,895.00"
JKH,N,0,JKH,16-Sep-22,155,146,147,155,890,"1,247,469","185,822,831.50"
JKH,N,0,JKH,19-Sep-22,147,141.75,143.25,147,413,"324,569","46,579,057.00"
JKH,N,0,JKH,20-Sep-22,147,143,143.25,144.75,310,"970,032","139,565,764.75"
JKH,N,0,JKH,21-Sep-22,145,143,144,143.5,220,"594,468","85,532,134.00"
JKH,N,0,JKH,22-Sep-22,144.5,142.25,143,144,227,"570,201","81,753,213.50"
JKH,N,0,JKH,23-Sep-22,143.5,142,142.75,143.5,206,"1,060,468","151,430,923.50"
JKH,N,0,JKH,26-Sep-22,143,139.75,139.75,142,222,"1,201,154","169,700,431.50"
JKH,N,0,JKH,27-Sep-22,140,137,138,140,237,"246,974","34,131,899.25"
JKH,N,0,JKH,28-Sep-22,138.25,137,137.25,138,172,"126,705","17,424,764.25"
JKH,N,0,JKH,29-Sep-22,139.75,136,138,138.25,138,"733,736","101,119,831.25"
JKH,N,0,JKH,30-Sep-22,138.25,137,137.25,137.75,118,"877,269","120,903,753.75"
JKH,N,0,JKH,03-Oct-22,138,135,136.25,138,136,"184,705","25,269,971.75"
JKH,N,0,JKH,04-Oct-22,135,128.25,130.5,135,406,"1,065,274","139,570,483.25"
JKH,N,0,JKH,05-Oct-22,135,129.75,130,130,416,"1,167,528","151,834,935.50"
JKH,N,0,JKH,06-Oct-22,130.75,129,129.25,130.25,189,"666,297","86,448,508.00"
JKH,N,0,JKH,07-Oct-22,130,128,129,130,227,"545,426","70,250,700.75"
JKH,N,0,JKH,11-Oct-22,133,128,128.5,133,314,"5,839,196","755,958,052.75"
JKH,N,0,JKH,12-Oct-22,129,127.5,128.5,129,265,"538,024","69,080,629.25"
JKH,N,0,JKH,13-Oct-22,131,129,130,129,191,"1,827,627","237,596,478.50"
JKH,N,0,JKH,14-Oct-22,132.5,131,131.75,131,80,"89,292","11,748,588.00"
JKH,N,0,JKH,17-Oct-22,133,131,131.25,133,89,"105,835","13,930,878.00"
JKH,N,0,JKH,18-Oct-22,131.75,129.5,130.75,131.75,143,"503,270","65,783,834.75"
JKH,N,0,JKH,19-Oct-22,132.5,130.75,131.75,130.75,85,"100,381","13,219,564.25"
JKH,N,0,JKH,20-Oct-22,132,129.5,129.75,130.25,133,"340,905","44,325,753.00"
JKH,N,0,JKH,21-Oct-22,130,128.75,129,129.5,162,"1,080,270","139,757,536.75"
JKH,N,0,JKH,25-Oct-22,133,129,129,133,124,"3,267,001","423,024,845.00"
JKH,N,0,JKH,26-Oct-22,131,129.25,129.75,130,113,"1,032,661","134,168,273.50"
JKH,N,0,JKH,27-Oct-22,134,130,133,130,132,"1,270,444","168,915,837.75"
JKH,N,0,JKH,28-Oct-22,135,133,134,134.25,130,"184,231","24,670,144.75"
JKH,N,0,JKH,31-Oct-22,134,132,132.5,134,92,"167,243","22,224,668.75"
JKH,N,0,JKH,01-Nov-22,132.5,130.75,131,132,49,"423,790","55,558,734.75"
JKH,N,0,JKH,02-Nov-22,131,130.25,130.25,131,77,"310,806","40,623,203.25"
JKH,N,0,JKH,03-Nov-22,130.5,129,129.5,130.5,68,"45,790","5,913,022.50"
JKH,N,0,JKH,04-Nov-22,130,129,129,130,45,"26,145","3,374,458.75"
JKH,N,0,JKH,08-Nov-22,132.75,129,132.5,130.5,198,"545,810","72,026,632.25"
JKH,N,0,JKH,09-Nov-22,137,132.5,135.5,133,314,"665,730","89,698,078.75"
JKH,N,0,JKH,10-Nov-22,141,135.5,139.75,135.5,345,"4,015,352","558,507,391.00"
JKH,N,0,JKH,11-Nov-22,139.75,137,138.75,138.75,185,"262,260","36,334,036.75"
JKH,N,0,JKH,14-Nov-22,140.25,137.75,139.75,139.75,192,"459,961","64,175,986.25"
JKH,N,0,JKH,15-Nov-22,142.5,140.25,141.5,141,305,"484,995","68,467,361.50"
JKH,N,0,JKH,16-Nov-22,141,140.5,140.5,141,219,"336,122","47,249,807.00"
JKH,N,0,JKH,17-Nov-22,140.5,137.5,139,140,145,"755,644","105,599,903.00"
JKH,N,0,JKH,18-Nov-22,138.5,137,137.5,138,146,"227,275","31,318,587.50"
JKH,N,0,JKH,21-Nov-22,138,136.25,137.75,137.5,186,"2,035,435","280,181,045.25"
JKH,N,0,JKH,22-Nov-22,140,137.5,139,137.5,77,"362,546","50,402,343.75"
JKH,N,0,JKH,23-Nov-22,141,139,140,139.5,55,"95,048","13,297,991.75"
JKH,N,0,JKH,24-Nov-22,140,138.5,139.5,139.5,78,"459,709","64,123,247.50"
JKH,N,0,JKH,25-Nov-22,140.5,139,140,140,94,"234,776","32,852,904.75"
JKH,N,0,JKH,28-Nov-22,140,138.5,139.25,139.75,55,"91,245","12,674,284.25"
JKH,N,0,JKH,29-Nov-22,141,139.5,140,140,137,"388,051","54,336,197.25"
JKH,N,0,JKH,30-Nov-22,140.25,139,140,140,171,"349,124","48,871,288.00"
JKH,N,0,JKH,01-Dec-22,140,139.5,139.5,140,56,"40,729","5,692,924.50"
JKH,N,0,JKH,02-Dec-22,141,139.75,140,139.75,125,"1,320,847","184,928,744.50"
JKH,N,0,JKH,05-Dec-22,143.75,140.75,143.5,140.75,125,"207,406","29,566,225.75"
JKH,N,0,JKH,06-Dec-22,147.5,143.75,146.75,143.75,291,"3,329,720","485,457,360.25"
JKH,N,0,JKH,08-Dec-22,150,147,149.25,147,412,"1,602,145","239,894,297.50"
JKH,N,0,JKH,09-Dec-22,149.75,146,147,149.5,152,"181,484","26,892,153.50"
JKH,N,0,JKH,12-Dec-22,147,143.5,144.75,147,171,"291,532","42,270,679.25"
JKH,N,0,JKH,13-Dec-22,144,140.5,141,144,184,"649,195","91,617,086.00"
JKH,N,0,JKH,14-Dec-22,143,141,142,141,49,"57,689","8,193,300.75"
JKH,N,0,JKH,15-Dec-22,142,140.5,141,142,55,"102,372","14,460,833.00"
JKH,N,0,JKH,16-Dec-22,141,140,140.75,141,84,"263,211","37,073,600.50"
JKH,N,0,JKH,19-Dec-22,142,139.75,140,142,77,"687,913","96,423,816.75"
JKH,N,0,JKH,20-Dec-22,140.5,139.5,139.5,140,80,"1,159,154","162,251,854.50"
JKH,N,0,JKH,21-Dec-22,140,139,139.5,139.5,132,"272,766","38,079,671.75"
JKH,N,0,JKH,22-Dec-22,139.5,138,138,139,77,"1,082,228","149,397,225.25"
JKH,N,0,JKH,23-Dec-22,139,135.5,137.75,137.75,68,"132,243","18,220,046.25"
JKH,N,0,JKH,27-Dec-22,138.75,136.5,137.25,138.75,37,"13,023","1,790,052.25"
JKH,N,0,JKH,28-Dec-22,138.5,136,136,138.5,45,"5,599","763,896.00"
JKH,N,0,JKH,29-Dec-22,136.75,135,135.5,136.75,117,"792,226","107,347,637.50"
JKH,N,0,JKH,30-Dec-22,136,135,135.25,136,187,"581,402","78,574,709.25"
JKH,N,0,JKH,02-Jan-23,138,135,135.5,136.5,120,"698,453","94,695,081.75"
JKH,N,0,JKH,03-Jan-23,139.75,135.5,137.75,135.5,72,"976,062","132,414,012.00"
JKH,N,0,JKH,04-Jan-23,139.5,136,138.5,137,62,"138,818","19,239,106.75"
JKH,N,0,JKH,05-Jan-23,138.75,137.75,138,138.75,90,"1,269,019","175,740,235.00"
JKH,N,0,JKH,09-Jan-23,138,135.25,135.75,138,52,"19,235","2,609,889.75"
JKH,N,0,JKH,10-Jan-23,136.25,135.25,135.25,135.25,46,"104,227","14,122,954.50"
JKH,N,0,JKH,11-Jan-23,136,135.5,136,135.5,43,"132,159","17,957,959.25"
JKH,N,0,JKH,12-Jan-23,137,135.75,135.75,136,62,"575,943","78,272,726.25"
JKH,N,0,JKH,13-Jan-23,137,135.75,136.75,135.75,44,"98,189","13,389,845.50"
JKH,N,0,JKH,17-Jan-23,137.5,136.25,136.5,136.5,48,"27,360","3,741,894.25"
JKH,N,0,JKH,18-Jan-23,137.25,136.5,136.75,136.5,24,"12,723","1,740,264.25"
JKH,N,0,JKH,19-Jan-23,138,136,136.25,138,123,"1,346,279","183,442,543.75"
JKH,N,0,JKH,20-Jan-23,139.25,136,137.5,136.25,143,"992,019","136,759,991.25"
JKH,N,0,JKH,23-Jan-23,140.5,137.5,137.75,138,87,"59,906","8,348,037.50"
JKH,N,0,JKH,24-Jan-23,139.5,137.5,137.75,139,76,"285,274","39,333,310.50"
JKH,N,0,JKH,25-Jan-23,139,137.25,138,137.5,71,"264,927","36,514,241.00"
JKH,N,0,JKH,26-Jan-23,138.25,137,137.75,138,97,"298,008","41,115,275.25"
JKH,N,0,JKH,27-Jan-23,140,137,139.25,137,82,"500,475","69,237,101.75"
JKH,N,0,JKH,30-Jan-23,140,136.5,140,136.5,110,"898,088","125,669,026.50"
JKH,N,0,JKH,31-Jan-23,140,139,139.5,140,64,"898,078","125,704,191.00"
JKH,N,0,JKH,01-Feb-23,140,138.5,140,139.5,75,"1,711,989","239,462,424.75"
JKH,N,0,JKH,02-Feb-23,143.5,140,143.5,140,154,"1,661,862","237,950,011.75"
JKH,N,0,JKH,03-Feb-23,145,143.5,144.75,143.5,218,"5,724,680","829,450,031.25"
JKH,N,0,JKH,06-Feb-23,146,144.75,145.5,145,224,"3,111,385","453,199,861.00"
JKH,N,0,JKH,07-Feb-23,146,144.75,145.5,145.25,197,"5,250,481","764,861,868.25"
JKH,N,0,JKH,08-Feb-23,145,143.5,144,145,116,"1,318,780","189,912,085.75"
JKH,N,0,JKH,09-Feb-23,144.5,143.25,144.5,144,170,"2,135,766","308,242,569.25"
JKH,N,0,JKH,10-Feb-23,144,143.25,143.75,143.5,127,"1,412,120","202,885,951.25"
JKH,N,0,JKH,13-Feb-23,143.75,139,141,143.75,79,"47,412","6,683,420.50"
JKH,N,0,JKH,14-Feb-23,141.5,140,140,141,151,"2,280,653","321,446,470.25"
JKH,N,0,JKH,15-Feb-23,140.75,139.25,140,140,123,"755,998","105,838,059.00"
JKH,N,0,JKH,16-Feb-23,140.75,139.5,140,140.75,110,"1,535,652","215,051,093.25"
JKH,N,0,JKH,17-Feb-23,140,139,139.5,140,80,"305,715","42,672,169.25"
JKH,N,0,JKH,20-Feb-23,140,137.75,138,140,207,"734,362","101,822,209.25"
JKH,N,0,JKH,21-Feb-23,138.5,137.5,137.5,138,266,"4,753,040","653,674,688.50"
JKH,N,0,JKH,22-Feb-23,139,137,137.5,138,150,"2,243,119","308,463,895.25"
JKH,N,0,JKH,23-Feb-23,139.75,138,138.75,138,98,"528,157","73,334,458.00"
JKH,N,0,JKH,24-Feb-23,142,137.5,138.5,139.75,140,"550,088","76,339,354.75"
JKH,N,0,JKH,27-Feb-23,138,135.25,135.75,138,213,"327,900","44,819,723.00"
JKH,N,0,JKH,28-Feb-23,136,134.5,135,135.5,309,"1,362,413","184,003,175.75"
JKH,N,0,JKH,01-Mar-23,138,135,137,135,97,"437,659","59,842,868.50"
JKH,N,0,JKH,02-Mar-23,138.5,136,137.25,138,80,"138,791","19,023,752.50"
JKH,N,0,JKH,03-Mar-23,139.75,136.25,139,138,61,"679,374","94,370,509.50"
JKH,N,0,JKH,07-Mar-23,140.25,139,140,140,187,"1,382,487","192,761,494.50"
JKH,N,0,JKH,08-Mar-23,141,140,140.25,140.25,224,"1,218,278","170,860,566.25"
JKH,N,0,JKH,09-Mar-23,143,140.75,142.5,141.25,234,"831,867","117,844,691.25"
JKH,N,0,JKH,10-Mar-23,143,141.25,142,143,218,"1,748,207","248,484,012.25"
JKH,N,0,JKH,13-Mar-23,142,140.5,141.5,142,58,"1,184,618","168,045,371.00"
JKH,N,0,JKH,14-Mar-23,141.75,140,141,140.25,117,"590,240","82,745,826.25"
JKH,N,0,JKH,15-Mar-23,144.5,140,144,142,197,"1,149,503","165,030,399.25"
JKH,N,0,JKH,16-Mar-23,145,143.5,144.5,143.5,171,"862,697","124,875,790.50"
JKH,N,0,JKH,17-Mar-23,144.75,144,144,144.5,67,"282,976","40,910,245.25"
JKH,N,0,JKH,20-Mar-23,145.5,144.25,145,144.25,109,"874,216","126,700,499.25"
JKH,N,0,JKH,21-Mar-23,146,143.5,144,146,85,"49,166","7,098,278.75"
JKH,N,0,JKH,22-Mar-23,145.25,144,144.75,144.75,114,"176,727","25,605,925.25"
JKH,N,0,JKH,23-Mar-23,145,143,144,144.75,85,"198,086","28,601,032.00"
JKH,N,0,JKH,24-Mar-23,144.25,143,144,143.25,76,"160,017","23,025,080.50"
JKH,N,0,JKH,27-Mar-23,144.75,142,142.5,144.75,81,"125,252","17,957,648.75"
JKH,N,0,JKH,28-Mar-23,142,139,140,142,74,"235,430","32,970,410.00"
JKH,N,0,JKH,29-Mar-23,142.75,140.5,141,142.75,53,"65,861","9,287,505.25"
JKH,N,0,JKH,30-Mar-23,142.5,139,140,141,69,"211,131","29,634,572.50"
JKH,N,0,JKH,31-Mar-23,141,139.75,140,140,65,"1,793,862","251,140,389.25"
JKH,N,0,JKH,03-Apr-23,140,138.75,139,139,80,"53,977","7,504,546.75"
JKH,N,0,JKH,04-Apr-23,140,138.75,139.5,140,77,"307,201","42,748,478.00"
JKH,N,0,JKH,06-Apr-23,140,138.25,138.75,140,73,"101,915","14,131,296.75"
JKH,N,0,JKH,10-Apr-23,140.25,137.75,138,140.25,170,"389,349","53,731,338.75"
JKH,N,0,JKH,11-Apr-23,139,137.5,138.75,138,127,"675,923","93,028,482.75"
JKH,N,0,JKH,12-Apr-23,139,137.25,137.5,138.75,145,"269,651","37,083,440.25"
JKH,N,0,JKH,17-Apr-23,139.5,135,135.25,139.5,418,"1,390,076","188,022,451.25"
JKH,N,0,JKH,18-Apr-23,139,134.75,135,139,200,"1,019,606","137,690,739.50"
JKH,N,0,JKH,19-Apr-23,138.5,135,137,135,42,"7,627","1,044,564.50"
JKH,N,0,JKH,20-Apr-23,138.5,136.25,137,137,141,"775,900","106,318,187.25"
JKH,N,0,JKH,21-Apr-23,138.5,137,138.5,137,81,"314,791","43,268,092.25"
JKH,N,0,JKH,24-Apr-23,139.25,137.5,139,137.5,99,"809,832","112,545,084.25"
JKH,N,0,JKH,25-Apr-23,139,138,138.5,138,59,"108,904","15,122,033.00"
JKH,N,0,JKH,26-Apr-23,139,138,138.25,138,38,"66,110","9,174,312.50"
JKH,N,0,JKH,27-Apr-23,138.25,136.25,138.25,138,113,"203,100","27,918,144.00"
JKH,N,0,JKH,28-Apr-23,138.5,137.5,138,138,118,"413,380","57,059,894.00"
JKH,N,0,JKH,02-May-23,138.5,135,135.5,138,116,"200,326","27,545,395.00"
JKH,N,0,JKH,03-May-23,136,135,135.75,135.5,158,"944,100","127,810,179.00"
JKH,N,0,JKH,04-May-23,137.5,136.25,136.75,137.5,15,841,"115,465.00"
JKH,N,0,JKH,08-May-23,138.75,136.75,138,136.75,49,"48,042","6,595,481.75"
JKH,N,0,JKH,09-May-23,139,137.5,138.75,138.5,44,"66,142","9,168,161.00"
JKH,N,0,JKH,10-May-23,138.5,137,137.75,138,38,"33,990","4,683,399.00"
JKH,N,0,JKH,11-May-23,139,137,138.5,137.25,77,"97,770","13,518,091.75"
JKH,N,0,JKH,12-May-23,138.75,138,138.5,138,64,"59,074","8,184,940.50"
JKH,N,0,JKH,15-May-23,139.75,138,139.5,138,64,"85,324","11,864,080.25"
JKH,N,0,JKH,16-May-23,140.5,139,139.5,139.75,169,"1,572,247","219,693,103.75"
JKH,N,0,JKH,17-May-23,139.5,138.25,138.5,139.5,40,"118,193","16,396,275.75"
JKH,N,0,JKH,18-May-23,138.5,135.25,136.75,138.5,175,"1,096,192","148,348,670.25"
JKH,N,0,JKH,19-May-23,137,135.25,135.75,137,50,"87,358","11,838,186.25"
JKH,N,0,JKH,22-May-23,136.75,135.5,136.5,135.5,52,"50,730","6,885,818.50"
JKH,N,0,JKH,23-May-23,138,135.75,136.25,136.75,32,"13,339","1,819,127.75"
JKH,N,0,JKH,24-May-23,138,136.5,138,138,31,"17,151","2,360,251.75"
JKH,N,0,JKH,25-May-23,139.75,136,138.75,138,105,"3,759,387","525,452,959.75"
JKH,N,0,JKH,26-May-23,140,136.25,136.5,140,34,"72,683","10,082,079.50"
JKH,N,0,JKH,29-May-23,138,136,136,136.25,37,"67,797","9,255,857.75"
JKH,N,0,JKH,30-May-23,137,135,135.75,137,116,"576,558","78,147,715.25"
JKH,N,0,JKH,31-May-23,139,135.75,136,139,32,"265,969","36,147,275.25"
JKH,N,0,JKH,01-Jun-23,139,136,138,136,38,"3,934,856","542,780,559.75"
JKH,N,0,JKH,02-Jun-23,139,138,138.5,139,57,"1,336,158","184,517,834.50"
JKH,N,0,JKH,05-Jun-23,140,138,140,138.5,89,"1,944,200","272,114,287.75"
JKH,N,0,JKH,06-Jun-23,140,139.5,139.75,140,70,"686,577","96,032,264.00"
JKH,N,0,JKH,07-Jun-23,139.5,138.75,138.75,139.25,25,"102,023","14,158,383.25"
JKH,N,0,JKH,08-Jun-23,140,138,139.75,138.5,64,"447,460","62,410,647.75"
JKH,N,0,JKH,09-Jun-23,140.5,139.5,140,139.75,176,"6,967,953","975,515,699.00"
JKH,N,0,JKH,12-Jun-23,141,140,140.25,140.25,104,"640,636","89,738,240.25"
JKH,N,0,JKH,13-Jun-23,141.5,140.25,141.25,141.5,65,"348,681","49,289,590.75"
JKH,N,0,JKH,14-Jun-23,142,141,141.75,141.5,133,"1,534,749","217,340,314.00"
JKH,N,0,JKH,15-Jun-23,141.75,140.5,140.5,141.75,57,"444,842","62,811,001.75"
JKH,N,0,JKH,16-Jun-23,142,140.75,141.25,140.75,110,"2,580,039","366,279,264.00"
JKH,N,0,JKH,19-Jun-23,141.75,140.75,141.25,141,42,"84,812","11,972,120.25"
JKH,N,0,JKH,20-Jun-23,143,141,142.25,141.5,70,"46,120","6,535,552.25"
JKH,N,0,JKH,21-Jun-23,143.75,142.5,143,142.5,183,"2,641,560","377,896,762.50"
JKH,N,0,JKH,22-Jun-23,144.75,141,143.25,143.5,77,"53,763","7,688,796.75"
JKH,N,0,JKH,23-Jun-23,145.5,143,145.25,143.75,119,"624,195","90,129,484.00"
JKH,N,0,JKH,26-Jun-23,150.5,146,149.5,146,332,"1,186,730","175,159,969.00"
JKH,N,0,JKH,27-Jun-23,150.75,148.75,150,150,268,"2,049,045","307,178,097.75"
JKH,N,0,JKH,28-Jun-23,150.25,149.75,150,150,257,"3,555,027","533,197,844.25"
JKH,N,0,JKH,04-Jul-23,159,150,155.5,151,391,"5,276,301","812,938,584.00"
JKH,N,0,JKH,05-Jul-23,161,155.5,159,160,397,"3,133,666","500,990,704.25"
JKH,N,0,JKH,06-Jul-23,158.5,155,155.5,158.5,174,"754,112","117,293,412.75"
JKH,N,0,JKH,07-Jul-23,156,154,155,155.75,183,"666,720","103,309,856.50"
JKH,N,0,JKH,10-Jul-23,157.5,155.5,157.25,156,122,"508,613","79,213,076.00"
JKH,N,0,JKH,11-Jul-23,159,157,158.5,157,170,"175,437","27,782,326.25"
JKH,N,0,JKH,12-Jul-23,159,157,158,157,148,"1,639,848","260,567,882.00"
JKH,N,0,JKH,13-Jul-23,159.5,158,158.25,158.75,168,"614,696","97,691,389.50"
JKH,N,0,JKH,14-Jul-23,158,156,156.75,158,168,"210,802","33,085,493.75"
JKH,N,0,JKH,17-Jul-23,159,157.5,158,157.5,107,"139,145","22,076,525.00"
JKH,N,0,JKH,18-Jul-23,159,157.25,157.5,158.5,115,"170,025","26,898,197.00"
JKH,N,0,JKH,19-Jul-23,158.5,157.25,157.5,158,144,"364,353","57,482,237.25"
JKH,N,0,JKH,20-Jul-23,159,157.5,159,157.5,189,"771,934","122,547,347.75"
JKH,N,0,JKH,21-Jul-23,159,157.75,158.5,159,116,"1,279,889","203,368,275.00"
JKH,N,0,JKH,24-Jul-23,158.25,156.5,157.75,158,135,"552,313","86,860,964.75"
JKH,N,0,JKH,25-Jul-23,159,157,159,157.25,211,"2,287,704","363,277,117.50"
JKH,N,0,JKH,26-Jul-23,159.25,155,158.75,155,255,"770,142","122,166,202.25"
JKH,N,0,JKH,27-Jul-23,168,159,167,159,747,"2,880,927","471,206,502.00"
JKH,N,0,JKH,28-Jul-23,169.5,166.5,167,168.5,274,"2,131,549","359,034,375.75"
JKH,N,0,JKH,31-Jul-23,169,166.75,167.75,169,541,"1,337,302","223,778,222.00"
JKH,N,0,JKH,02-Aug-23,171,168,170,169,460,"4,073,433","692,790,269.75"
JKH,N,0,JKH,03-Aug-23,175.75,170,175,170,518,"2,557,213","440,957,357.00"
JKH,N,0,JKH,04-Aug-23,185,175,184.25,175,927,"7,078,870","1,285,165,147.00"
JKH,N,0,JKH,07-Aug-23,199,185,195.75,185,"1,301","2,257,299","440,242,088.25"
JKH,N,0,JKH,08-Aug-23,200,193,199.5,196,"1,190","2,181,094","428,358,047.50"
JKH,N,0,JKH,09-Aug-23,199,195,196,199,406,"1,062,451","207,646,572.75"
JKH,N,0,JKH,10-Aug-23,198,194,194,197,225,"390,341","75,952,399.75"
JKH,N,0,JKH,11-Aug-23,194,190.25,191,194,339,"1,402,932","268,083,415.50"
JKH,N,0,JKH,14-Aug-23,190.5,179.5,180.5,190.5,"1,167","7,014,390","1,265,693,955.25"
JKH,N,0,JKH,15-Aug-23,187,180,183.75,180,335,"305,355","56,359,274.00"
JKH,N,0,JKH,16-Aug-23,194.5,183,191.5,183,631,"2,871,028","542,937,905.25"
JKH,N,0,JKH,17-Aug-23,196,191.5,192,193,346,"1,810,845","349,875,477.25"
JKH,N,0,JKH,18-Aug-23,191.75,188,189.75,191.5,156,"223,378","42,345,407.00"
JKH,N,0,JKH,21-Aug-23,193,190,192.5,190,254,"1,045,338","201,071,437.75"
JKH,N,0,JKH,22-Aug-23,192,186,190.75,192,168,"1,404,497","266,327,276.25"
JKH,N,0,JKH,23-Aug-23,190,188,189.75,189.75,102,"299,444","56,818,886.50"
JKH,N,0,JKH,24-Aug-23,190,187.5,188.75,189.75,108,"247,655","46,778,445.75"
JKH,N,0,JKH,25-Aug-23,189,182,182.5,189,353,"1,685,412","309,204,536.75"
JKH,N,0,JKH,28-Aug-23,183,180.5,181.25,183,155,"2,030,907","368,173,027.50"
JKH,N,0,JKH,29-Aug-23,181.25,179.5,180,181,242,"768,687","138,429,561.75"
JKH,N,0,JKH,31-Aug-23,180,178,178.75,180,199,"475,746","84,999,744.00"
JKH,N,0,JKH,01-Sep-23,180,177.25,178.75,179.75,120,"171,127","30,548,041.75"
JKH,N,0,JKH,04-Sep-23,187.5,180.5,187,181,271,"5,986,718","1,086,181,350.75"
JKH,N,0,JKH,05-Sep-23,191.75,187,191,187,313,"2,040,470","389,430,103.00"
JKH,N,0,JKH,06-Sep-23,191.75,187.75,188.5,190.75,280,"64,101","12,134,011.50"
JKH,N,0,JKH,07-Sep-23,189.75,185,185.5,189.75,273,"1,665,410","308,854,812.25"
JKH,N,0,JKH,08-Sep-23,188,186,187.5,186,70,"84,900","15,857,132.25"
JKH,N,0,JKH,11-Sep-23,190.25,187.5,189.75,187.5,113,"341,906","64,908,559.00"
JKH,N,0,JKH,12-Sep-23,189.75,187.25,189,188,84,"116,398","21,964,623.25"
JKH,N,0,JKH,13-Sep-23,190,188.25,188.5,189.5,157,"861,000","162,638,576.50"
JKH,N,0,JKH,14-Sep-23,191.5,188,190,188,190,"773,201","146,862,170.00"
JKH,N,0,JKH,15-Sep-23,191.25,190,190,190.5,99,"131,539","25,038,433.00"
JKH,N,0,JKH,18-Sep-23,191,189,189.25,191,78,"96,035","18,181,162.50"
JKH,N,0,JKH,19-Sep-23,190,186.5,187,189.75,147,"182,811","34,374,994.75"
JKH,N,0,JKH,20-Sep-23,187,185,186,187,168,"148,157","27,573,895.00"
JKH,N,0,JKH,21-Sep-23,188.5,185.5,188,187,145,"970,900","180,788,164.50"
JKH,N,0,JKH,22-Sep-23,190.25,188,190,189,215,"431,479","81,959,114.00"
JKH,N,0,JKH,25-Sep-23,191.25,189.5,191,189.5,191,"734,118","139,644,329.25"
JKH,N,0,JKH,26-Sep-23,192.75,190,192.5,190.25,251,"1,552,935","298,026,986.25"
JKH,N,0,JKH,27-Sep-23,194.5,192.5,192.75,192.5,300,"1,126,392","217,659,161.75"
JKH,N,0,JKH,02-Oct-23,192.25,189.75,190.5,192.25,205,"863,265","164,058,538.50"
JKH,N,0,JKH,03-Oct-23,192,190,191,191,196,"1,487,107","284,017,762.25"
JKH,N,0,JKH,04-Oct-23,191,186.25,190,191,162,"888,465","168,185,135.50"
JKH,N,0,JKH,05-Oct-23,191.5,190,190.5,191,112,"604,689","115,272,485.00"
JKH,N,0,JKH,06-Oct-23,191,190,190.5,191,93,"486,280","92,698,109.25"
JKH,N,0,JKH,09-Oct-23,190,187,188.25,190,165,"677,380","127,782,233.25"
JKH,N,0,JKH,10-Oct-23,190,188,189.75,188,87,"306,167","58,024,204.75"
JKH,N,0,JKH,11-Oct-23,190,188.5,188.5,188.5,105,"373,891","70,491,925.75"
JKH,N,0,JKH,12-Oct-23,191.25,188,191,188.75,194,"1,260,224","240,020,295.25"
JKH,N,0,JKH,13-Oct-23,193.75,191.25,193,191.5,203,"885,563","170,369,120.50"
JKH,N,0,JKH,16-Oct-23,194.25,192.5,193,193.25,225,"1,682,249","324,804,197.50"
JKH,N,0,JKH,17-Oct-23,193,190,190,193,168,"1,586,316","305,039,933.75"
JKH,N,0,JKH,18-Oct-23,190.75,189.5,190.25,190,84,"338,457","64,318,578.75"
JKH,N,0,JKH,19-Oct-23,192.5,189.25,191,189.25,103,"448,214","85,552,248.75"
JKH,N,0,JKH,20-Oct-23,193,190.75,191.25,193,79,"508,289","97,169,279.50"
JKH,N,0,JKH,23-Oct-23,192,191,191.25,191.25,90,"402,964","77,027,700.50"
JKH,N,0,JKH,24-Oct-23,192.5,191.25,192,191.25,157,"1,032,264","198,071,133.00"
JKH,N,0,JKH,25-Oct-23,194,192,192.75,192,292,"1,017,039","196,316,172.00"
JKH,N,0,JKH,26-Oct-23,192.5,191,191.5,192.5,264,"952,723","182,567,770.25"
JKH,N,0,JKH,27-Oct-23,193,191.5,192.5,191.5,239,"600,740","115,665,180.00"
JKH,N,0,JKH,30-Oct-23,192.5,191.75,192.5,192.5,84,"247,388","47,578,454.50"
JKH,N,0,JKH,31-Oct-23,192.5,192,192.25,192,118,"827,150","159,031,070.50"
JKH,N,0,JKH,01-Nov-23,192.5,192,192.25,192,142,"457,568","87,963,651.50"
JKH,N,0,JKH,02-Nov-23,192.75,192,192.5,192.25,271,"914,511","175,943,329.50"
JKH,N,0,JKH,03-Nov-23,193,192.5,192.75,192.75,139,"812,058","156,505,390.50"
JKH,N,0,JKH,06-Nov-23,192.75,,192.5,,185,"2,076,677","398,757,845.75"
JKH,N,0,JKH,07-Nov-23,195,192.5,194.25,192.75,258,"3,953,307","764,063,235.75"
JKH,N,0,JKH,08-Nov-23,198,194.5,195.75,195,326,"3,599,027","703,701,013.00"
JKH,N,0,JKH,09-Nov-23,197.75,196,197.25,196,272,"2,207,261","434,699,372.50"
JKH,N,0,JKH,10-Nov-23,198,196.75,197,198,163,"934,960","184,412,807.50"
JKH,N,0,JKH,13-Nov-23,197,194,194.75,197,116,"160,581","31,304,083.50"
JKH,N,0,JKH,14-Nov-23,194.5,192,192.5,194.5,140,"779,384","150,095,803.00"
JKH,N,0,JKH,15-Nov-23,193,191,192,192.75,67,"93,389","17,923,006.50"
JKH,N,0,JKH,16-Nov-23,191.25,189.25,189.75,191.25,135,"316,012","60,095,184.00"
JKH,N,0,JKH,17-Nov-23,191,189.5,189.5,191,59,"82,739","15,714,706.25"
JKH,N,0,JKH,20-Nov-23,192.25,189,189.75,190,93,"100,498","19,063,002.50"
JKH,N,0,JKH,21-Nov-23,190.25,188.5,190,189,75,"166,182","31,564,644.25"
JKH,N,0,JKH,22-Nov-23,189.75,187,187.75,189,105,"498,183","93,654,865.00"
JKH,N,0,JKH,23-Nov-23,190,187,187.5,190,57,"20,264","3,817,994.75"
JKH,N,0,JKH,24-Nov-23,189,186.5,188,189,54,"117,351","22,003,493.75"
JKH,N,0,JKH,27-Nov-23,188,,186,,70,"10,012","1,845,245.00"
JKH,N,0,JKH,28-Nov-23,189,186,187.25,188,144,"223,260","41,970,070.00"
JKH,N,0,JKH,29-Nov-23,187.75,186.25,186.5,187.75,85,"401,948","75,017,775.50"
JKH,N,0,JKH,30-Nov-23,192.5,,191.75,,190,"4,190,356","800,853,181.00"
JKH,N,0,JKH,01-Dec-23,193,191.5,192.25,191.5,108,"231,530","44,527,167.50"
JKH,N,0,JKH,04-Dec-23,193,190,191.75,190.25,60,"100,703","19,373,356.50"
JKH,N,0,JKH,05-Dec-23,193.25,192,193,192,166,"575,528","110,998,062.25"
JKH,N,0,JKH,06-Dec-23,193.25,192,192.25,193.25,99,"725,937","140,094,606.25"
JKH,N,0,JKH,07-Dec-23,193,191,191.5,193,57,"115,510","22,194,224.75"
JKH,N,0,JKH,08-Dec-23,193,189.25,190,193,171,"232,116","44,243,206.00"
JKH,N,0,JKH,11-Dec-23,192,190,192,190,102,"182,335","34,974,620.50"
JKH,N,0,JKH,12-Dec-23,192.75,192,192,192,118,"283,024","54,451,977.25"
JKH,N,0,JKH,13-Dec-23,192.75,192.25,192.75,192.75,70,"223,132","42,989,512.25"
JKH,N,0,JKH,14-Dec-23,193,191.25,192.75,192.75,77,"170,069","32,774,312.75"
JKH,N,0,JKH,15-Dec-23,193,191,191.5,193,47,"79,852","15,309,758.75"
JKH,N,0,JKH,18-Dec-23,192.75,189.75,190.5,190.5,124,"155,403","29,623,691.25"
JKH,N,0,JKH,19-Dec-23,192.75,189,189.5,192.75,128,"157,012","29,826,185.00"
JKH,N,0,JKH,20-Dec-23,190.75,187.5,188.5,189,59,"78,390","14,790,536.50"
JKH,N,0,JKH,21-Dec-23,190.5,188.5,190.25,190,62,"146,567","27,812,351.00"
JKH,N,0,JKH,22-Dec-23,190.75,189,189,190,86,"144,524","27,495,948.25"
JKH,N,0,JKH,27-Dec-23,191.75,187.5,191.5,188.75,71,"130,901","24,963,791.75"
JKH,N,0,JKH,28-Dec-23,192,190,191.5,190,57,"56,412","10,818,521.75"
JKH,N,0,JKH,29-Dec-23,192,190,191,192,106,"454,168","86,748,156.50"
